roster_no,video_id
1,sz5N9WJS310
2,6VEfKF7BzZU
3,OiDTNstaSpM
4,aNfGrcO6WPI
5,qtluAViPpsQ
6,3MyhYE2jmuE
7,4CQ4FjGT2gA
8,OfkY343OaNs
9,YNOSY15ppf8
10,VKr060rIirM
11,HfrBi5mzm8w
12,3_9IXnycZ3s
13,keu5SvpD7KE
14,IMJfPgmnFwc
15,uiauof6tOFk
16,Nueoi-_PH6o
17,nCXWFko0TaA
18,CvM8Os4ltfE
19,zi9x_q2fYoc
20,inLlZgtS7qs
21,EYya0e4APBE
22,WGFPHeM6-6I
23,LEczVIueQAA
24,AeCOMNl11v4
25,Bu36RrQMkVU
26,BfwtFsuxm3A
27,uzZkVRGZw2k
28,oxMpNgnbISw
29,33HPIrzl6xI
30,Dqv6t3cOlIM
31,yDt8Ki7d_Yk
32,835_phhMGM8
33,i32DeJPzsfE
34,OdR6ICkcthc
35,lWWz4i7vIX4
36,cSNjKKdtp6M
37,YYZyCr7uapw
38,CPKP1iu1ZMI
39,UqF7q4yIODM
40,SBzSmA_vvPE
41,jdg_4nQUCVU
42,DVEdeOoCtXA
43,sTKJve59KGQ
44,09ojTPmKlQg
45,a-890uldXeo
46,ZCOyHZj7yFA
47,wLwnTSJqF7k
48,9VLtWX1vJxg
49,8Zh1q4Ziv4c
50,3pIB-2F9lnw
51,ZTlLcC4gE0M
52,_VsEUYiUc_A
53,FPA12oQeQbc
54,F7RH9D0CC74
55,HqLTZzXirkQ
56,1ZQihHS0hbI
57,50TTEtmcyw4
58,Yb_5prWaqhk
59,5NvtBlmt93Y
60,oMs4-3ZOevE
61,7RRWNL0V6As
62,w1ZgJwm-_KU
63,LVE7XN_esTc
64,aUW6waebLl8
65,NOl9u50dgao
66,k9O79HeMOp0
67,CS00QYw7YbI
68,aWBZ3tBuODs
69,sqh-919UMVk
70,Dde4ogogNEk
71,4vNF2fui5jc
72,POnX-7o79cQ
73,HKyUsMEJvZs
74,Eb7kKf8wnTw
75,-Hn9eMUWF2Y
76,aeR4g4Mmy00
77,IkL1X2VrPIc
78,98UoTYQR5nY
79,mRRev963GaA
80,sOsEgO2w5mA
81,4UE7LOq8syM
82,w2zAKvD_tGI
83,ly25lXbU5oA
84,j2vE_QWU7vg
85,BwbFnc0-yFc
86,kdiFNJADwzI
87,3FG6obmr90c
88,91GRhqMQRdE
89,qzGqHzKfs18
90,1e--424cAKI
91,ycd_4o5nwy0
92,qBbGLXkAC2Y
93,PEQX1lWVUNU
94,xIygVI-t04A
95,HvXLItCOd-A
96,WJYWW_XXbSM
97,vnPVjbRtZk4
98,VxlNnm2PIiQ
99,uyzROR3cUl8
100,g5PChibmY5A
101,_gyLWp83OMU
102,Xgjhy0HKqcQ
103,TB_H7_oJlAs
104,0R34RYiwDC4
105,-3iNxrjeQak
106,sYybI-K5o0o
107,Gk3-ZC9W3vw
108,AX1AAZVOnJU
109,Hv7WZ0APt1o
110,8tTh8bRc4OI
111,zDcF_zPTSYE
112,IEXJKYkJD3o
113,OqfSl1FZhgk
114,etEBw7oWAzw
115,Yr2yMyGLsX0
116,2ATBmntaEaE
117,cxotin638g4
118,VhKiK706i2I
119,Uyab8p3HaRE
120,BEUvOl-expQ
121,ySbuYun5mNw
122,1oT08MK04Jw
123,GzrRt18o2Jc
124,iCApyfb2CzI
125,2q6MwCgIRnY
126,CLlGTnbfQuI
127,RokBHHg3UAM
128,Ctg-Q3haZAE
129,mZnhZM3Wc88
130,SaNok0umUQY
131,AWULeF_xzFc
132,S9W_Qe9JrlI
133,fhh23gVq4I0
134,xKMPTIdMgI4
135,GmwmPKFY4PY
136,-71DQQIcTlc
137,wnDrGtqH-yE
138,ex2wK2N_9uo
139,h3_r0ZKykYY
140,jMJbEelMgLA
141,O8YUK1OugHs
142,faqbdJ1C43Y
143,GFTYwKkZgoQ
144,GvGNAsizyp8
145,sRadRD7qRu8
146,OzDgw9ZcWAQ
147,O7-EBvOsTlg
148,Q-zEc5IeQ50
149,_y94r65G9_M
150,Q3OrWpOVS2E
151,Cdf6LtiiD_o
152,Eim44cy1lkg
153,1bfGwu2ASx4
154,Jl0rwMExTbg
155,XsDB9nf57_A
156,bSJeaaeM6Pg
157,gPLpHoiR2x4
158,NOK_0zfF80Q
159,aRNULifoFKY
160,SSZaZvwAuy0
161,GzazVJg1V1I
162,myQ6i7AjmDY
163,PUWsNu9b3cc
164,lvC7RFbNEx0
165,EJajY-ZEliM
166,3jtBJc17ZHw
167,OiWlknxQZrI
168,E7VrikrhCbQ
169,9xjns0clsmY
170,HT5KD-SZYq4
171,3VaPIvusEWw
172,4Q-B0dIOvMk
173,LDAY8JrlmXo
174,nepnyHFGlCo
175,spz5Wxw-Sdk
176,0Qt8rm01SOg
177,9Eo9WKsa3wA
178,g330zWXv6iA
179,REC2H8j2Bno
180,Wyg-TLZsk9c
181,N0ZLjtGbHX4
182,UKDhdcn3AUk
183,3iDRSQnDQco
184,QKDR6b3cuHY
185,V7H65oaoflo
186,JwoiWyec7ks
187,uv5H5EEtX14
188,HXvG_ASxDMo
189,neW_qhbk2_E
190,9lRzUjRqdwE
191,h1VSdD5XeO4
192,iy7_HMMSLGc
193,KgiwKdha6F4
194,IfpexqB1IGA
195,pbDPZUwogeQ
196,rwhkajfIneo
197,0dfyVZLpMFY
198,LHy5UbdIAcs
199,OOC5OUZNGvI
200,8ssrk2_5u5s
201,ATMJeH2TyxE
202,sUtOQJH-wgc
203,CFZNyQ8pRUE
204,yl0UyfkvaHs
205,EdRzQmddbHE
206,qabOz6b9hlg
207,05JCQ8-v6zc
208,CToQ4bXaP54
209,gxzKfJ6e1j0
210,NJbzYMXw6Eg
211,Nt2JTbBeDWM
212,4TFtEQxSM38
213,2c23EQgwdMA
214,royxGnSiHlI
215,9NF_P6pWWq4
216,b5OV0BEle_o
217,l0Q-2Ah-ba8
218,7JqAdMGokqk
219,BxqQAqr2OA0
220,IK_VUi3PUIU
221,6BUwcadctCE
222,xrArQWWHkGg
223,-4tqIxeViZ4
224,CYGtiwmucw0
225,loKj0LccKTA
226,GtMa-bEFJa8
227,koN6tXbpb_s
228,p94_t07GTKA
229,z1oZOJ3_uIk
230,9T_72qyO1Dk
231,C7KctGzg-K0
232,WIXWPJjhF50
233,BK4AlJFw9SM
234,iP75FC0Gg0g
235,1Hzf1eiM-t8
236,VU-lUsP_N3w
237,tDD5GzvDYq8
238,574Oi3Jn_KQ
239,swuHTDAGgeE
240,ATAECPP6MJA
241,gU0hTONWEPI
242,Sx2wvsksK9A
243,PshvFd-zwuM
244,-ZPj8LqCts0
245,kU2Cknb8T3I
246,roU6k3x3JZQ
247,qpnZn62UM4U
248,YsXYA7Hi7qk
249,7V0PEzRddxs
250,2bLy034D5LA
251,i9fXr3U-ReA
252,H9KS0VTw8Mg
253,SEq0DpsLrn8
254,TXwtgDR38Bw
255,7p3p7TKcdqY
256,TBDE82jnEHE
257,GqAA7S0uhK0
258,WwqijmLsIWg
259,u6TxgssGsas
260,4jwM9YUfq7Q
261,Iee-BKqc_po
262,bRc7ai7bQy8
263,xwkP_bpKE-M
264,TPf0I7tRak8
265,iKITp1cK_Xk
266,kqAHEGbFhTk
267,q7Z3orSLAGg
268,kKP4sizL18E
269,j4i0rrujz3w
270,Yd5qnDtW2TM
271,BXjda2v6e-Q
272,l3HqpR30VB4
273,cXhYNb53AKk
274,VDOLYHhWZSw
275,h3CIqfjRqjY
276,NONU_ar9zYg
277,w8nnPJe8lmo
278,sFetBRjfvvQ
279,9pvqNUj8pH4
280,w1G34vigXbI
281,eEwZi_lweM4
282,JGn4Hit-WuM
283,dWwn_3qylN0
284,bw8Wl_n00jg
285,fOjA521msIM
286,5yQ8jedNRBw
287,UjSsFM30gYg
288,-lX8iJd-xDM
289,yzLVWttbzrE
290,-46z6OCRsv4
291,EUnEyu15JfM
292,jgzqPUBFWY8
293,W1AlwKlYcuA
294,WG0yrtra9GE
295,T0S4kPUtuZE
296,SNorgPp5FfY
297,rghts47BVoM
298,Mbc1TbQqvgc
299,LoRySWrV0Us
300,oLfGGbqiL-Q
301,wKiojikUQIc
302,qk1unjHKjkQ
303,ksXQPR7rsU4
304,QjhqTVtnAL0
305,E139D1O9MtQ
306,0U4adKbaWsI
307,x2_oSwvVH8k
308,UQebVLOt6fo
309,qtDnNpPskBc
310,a6ET79jF7Xk
311,D-RWPF0HSzg
312,bzksrnLRJbE
313,GHX-mqY0N34
314,pU0jnK-awM8
315,6TV5painjn0
316,rkKvE2TEd_M
317,-LOzMs2cCbc
318,E2DtuDBNgW4
319,IxHh2587qNY
320,-88ktXtUGiM
321,9RuZAAykJC8
322,a_bOT0gxTpY
323,rKKBWXH6Zg4
324,H04y8gmBtqk
325,_vo1uqkk1yo
326,Nkr155qZAv4
327,vkYOhgHtoOs
328,ebz-6V0o45c
329,tWNgA70Nyk0
330,kX8gDqqj7i4
331,YIFBYRPLEXA
332,QZaxdumLbZI
333,Sk1JarcNNNs
334,WhWmFOfHOso
335,oozk0dOBihE
336,EIcc5PQrBQE
337,4cY34gn1fPw
338,bqGM389RuU8
339,n1hVZlHq-RA
340,yNLB4NHFxoc
341,8E6kVcmN-yQ
342,JzXLEijQ1AI
343,yn1LRL3-Glk
344,OMOR-ZPAhCk
345,CsrdC4yQzWs
346,QsNpesZAX3A
347,yOqyjOnhVrA
348,2JIYn6beyvY
349,bkUf7gSSfkE
350,6BDWpwAL_NY
351,I6aV-uhBmnQ
352,8Trj_LLHwKA
353,sx5blWMu0J4
354,hHZ7dzCH9L0
355,cGNFx_tIZX4
356,KuTBCc977LQ
357,U_AFdip1v_c
358,sf5KjGJHcvc
359,2cea_Cl0oSU
360,V1HG2ywoKI8
361,WrYpRqFrDR8
362,0XaOPMB5bC4
363,nFKezT2ZTzM
364,rDQTi5WyhjY
365,ElAaYw82vU8
366,OwieLHYZ7Is
367,WdXVh59vIkM
368,3DZ5CWp4iXQ
369,8UPRiaQz6cw
370,2V5py_3mUuo
371,0ozjqNr5fAo
372,feOV5t1nvDA
373,CoVXSIsP4Uw
374,iAqKacYoLXs
375,Mu_L36JTk_k
376,SAOz2iEU41E
377,Z5br9TkMASw
378,bH3n7JDE4xw
379,ae22JiqqqmE
380,SQDSPf2IZ3s
381,78V3bFYC3Vs
382,5UUUfgAOM8k
383,mZBOJaGGz-I
384,iNs7hOzUJQs
385,XV4waJ2qKh4
386,05wJuezzrRg
387,4PvTqDoj2RQ
388,Rb_MflPBD7c
389,cDKaiQWJPZs
390,WLMYuFdrBuk
391,ehrV8hJoKcA
392,BVAp7DhBA40
393,k7P0AsNIrYg
394,-RxMnawvaeA
395,KA7pnTQZfIQ
396,MRFRFX6QgcU
397,83bitOQD8e0
398,uGINO10KikM
399,n3WQqRZ4n0k
400,AqVrVd7RlIg
401,ihy6Q8ftzPw
402,_Tiww7SK9AM
403,U2vZMWxSIMU
404,_5qSi-tHH44
405,l5PUUXweyGs
406,ukYkERDrNmI
407,UPmcuoKOtPo
408,fLMsGUwMfBQ
409,pt-VmEQaoSw
410,frNSKmGwBi4
411,AiHf9B6WGyE
412,efGeSR8hBHk
413,AjYAjlKRHpI
414,jD4V9kubkgk
415,lqTJB2NXSKg
416,f2DlDStgMv0
417,fI3_81sbHH4
418,OO14gI7s-0M
419,6zTr4z49SU8
420,QlFGDxsERsg
421,EHa-S-OYWIA
422,aKOM3X1AHcQ
423,RAkdgTxW-WI
424,V87iyvPdWVw
425,6d2sEg0F3ss
426,6BsjVW-yCks
427,MYGQA6FmjoA
428,F2LesFZxOUA
429,fwFxe0k-jHE
430,pC36p_fIjKQ
431,NEaojF-h1D8
432,q1hhkFKFvsY
433,8xVlG2oABE8
434,JbnZhE2YOiY
435,TuyDuC59H6A
436,tQ95-h70f5w
437,Rtk5k4DboeA
438,ficIL5nrO84
439,OH2jsoN8JTQ
440,Z4m3ebe2NPM
441,ANFXn_Ne5pE
442,9mmzKtDOTIE
443,O0CQaKe62lw
444,Silqi1KKgLk
445,J_ZIXpMo-B8
446,wkadb5vfxnQ
447,fBqsz9YnTHo
448,t5zlNdPwMWw
449,Ff8w9Gz3cSw
450,G7F-YQN9Mlk
451,w3WLrClwM-8
452,Aks_orZ1ZHc
453,8UgUzDXiNVQ
454,g0ovWIYN9J8
455,IyQ6kltZQ0E
456,RS3alfi8YSc
457,HiPIQA-kUso
458,_b1vawP_HTQ
459,wACpKT6Zmp8
460,8deu4jMKkiA
461,Lef4j1lz6fo
462,P6Q_Uds_QYo
463,IOh0m-gRIg0
464,_gIfJyGWkCQ
465,W59UyIi0tgg
466,G9b3qz5NxgA
467,DQfqqpAdjc8
468,mk1QCdThzXA
469,AfB45l3dgJk
470,QmrUicg4KII
471,PwVEKTg81H8
472,_N1cDH-eBug
473,tcxwDTcu0aw
474,3HcwpeQaFZg
475,PXbUUbDn6qM
476,7dBSxLKNSPU
477,twkoWUgdnvs
478,yxW2VG4ZPhA
479,scd3A_Tji-M
480,T0kiLx_EGes
481,cXMifATl6ao
482,U1JZo9HYU1w
483,h7yrGTMvZqE
484,uLFFaE_SFBU
485,RTtCzcAu1eg
486,QJXfVF44mZk
487,o6U9lc_G4lg
488,w019Vg_cyRg
489,1rnviw6afpY
490,svvHToNOV1M
491,XxWXNQ5TRhk
492,FklLLnNMxrU
493,Lsa_o8VBeLY
494,Fq18BaGaIFw
495,s1lZLqZpXzE
496,WLanJIVrvj4
497,N0cu6o7CDRk
498,y1_NEiBu6Hg
499,6cBwyPzvfag
500,wY96Dm0dSKw
501,ZlX4FyrJRK0
502,--_yCSfSzpo
503,H8YTjNCIuLM
504,PLVRXUDqRS0
505,P_fYrOIohU8
506,qHlKP_2gnRQ
507,CB4bN_EmB9k
508,98ynWF3CsMs
509,bgTMXFum3D8
510,CnNHLwOQKkg
511,7Z1PWC9F44c
512,XBXl3flR_5Q
513,n77kZtvLISY
514,V6rbVQxNtHQ
515,TrLcQyqcsdk
516,Gro68zyBgDY
517,mr_0RUmQG5Q
518,H2G4Uj19GCM
519,kZ3kE3rtEE0
520,8Mo7IpzXje4
521,QSu3RnraDgM
522,yEA-WVcrNFc
523,dyc_OTltC5c
524,wI6Kd-BJqqk
525,wZcjk0Wj4BI
526,B4jnhjPkhxI
527,yv1vnqyLjPk
528,76K1O6yTUBg
529,o6c3Ora6AG0
530,BLRV2xBdvWo
531,JdIwzBCYskk
532,S_0mqWaVgKw
533,F5x1zSE6ON8
534,4GIExeCrAi4
535,P6aUoYfh8CU
536,ScxCsOWrnmk
537,HlFPVmQC0Pk
538,RATwYSaBKAg
539,2cChSwwT1kY
540,QNB14iUQ9T8
541,jJBjFzhHuz0
542,c9Pp5w40tA4
543,0og8cLC6Z-Q
544,mxU70DVCOkw
545,WAFgnpK3LU8
546,9q9A6JgZzi8
547,j_knN4ii37M
548,OJ-xdPMJFDw
549,n76TX9xdqd4
550,zd5-mDD0GYo
551,rPR466xpskk
552,ovb4ZYE_fyU
553,YTkwA-BKm_Q
554,xiYjlDOwF-g
555,N_6LnrhYFc4
556,aeoOAXBETRM
557,nkA9tyfeHsU
558,P4ubBFb-3ZQ
559,IpoChjwlAMs
560,EzoiVfhgyhE
561,OK30Oj9ujeQ
562,XU0HJph_OOI
563,uxBEEzqUEA0
564,NyGj7XDqEQg
565,4LU0aUMe3Hk
566,t1R8cqFjJk0
567,jkC20-uLx64
568,s-jrq5jbHI0
569,VIdN0HuxVKc
570,etsE_ngHw4s
571,UDZa7RMOsJo
572,lVgVG38ePfM
573,Dj-XglYQ7A8
574,KdJF9EgfYzs
575,xlrFtBaDP6g
576,qE1K6ABCfUY
577,62ANDR1BOZU
578,pCMdCYkLsKA
579,BYxdFcc3IhA
580,1qJZONSj4OM
581,zrwsBNmLJvs
582,VfKBWJ8E-2g
583,LIGMLRd4UBI
584,PdsxKampbeU
585,ELVvmMrXXZA
586,z6HE4MIQR2k
587,g4PwWFMyKk8
588,hGBMSclNT80
589,Ibvx_HET9KI
590,DlA_A-11xqM
591,1fAAazFMBbU
592,Hv4eFl0CzjQ
593,qNkJFMCWhEc
594,q4pIpkFwaaU
595,aw1m6RhNZX4
596,Dmq6Tw3Gy7Q
597,Pk4Rs5H0dV8
598,IUroqSiKLBo
599,7rBttxUSD5g
600,vZ1EY_kTKBE
601,QIRcEK_o2-4
602,AWANnqa4uwg
603,oIhWLkmWGSk
604,tF_o1sJBpPI
605,7i2FOQdA848
606,wLuknF1xpkI
607,Kasikorq5o4
608,ZaCYi5dj1WI
609,phNvpA0qf3k
610,BAFlO4MaOds
611,TeD11WOSDeQ
612,kKeW9qo4E9Y
613,wFFeqQIMRwI
614,55en-cewC44
615,1EPrxzL5nOk
616,KcRk2P-QIyI
617,-0_Eh3Ib1xI
618,giJLCf3ed_s
619,sL3HZ8jvFyE
620,evsv9AqdId8
621,QPX8MGx4TzA
622,x90nF34B56Q
623,s6HTAePnkO4
624,I_CdBrmX_po
625,oxamkSk_PEo
626,CBn3DrFx1xo
627,7428LWDi320
628,u9zKmVOQO0Y
629,NYR-aqXwPEA
630,XvMqpH_QwJE
631,vxtRtxpmTeo
632,x2Lbyis0wRk
633,klW3bJb-v_Y
634,Kl0cpJrNMKE
635,gtK1kwAXqiQ
636,QSo1_P3WYvA
637,STKkSa5FLwA
638,uzPbiKfZnNk
639,bwf-Wm8XMYY
640,r41a0PHJogs
641,pePAQPyK9zk
642,HihwlR2aQas
643,gYmXyOrZsIc
644,olVMN-XjuMQ
645,C4oITOfdqaA
646,aDdhqzbJlu0
647,H5A3Dk29hus
648,kDUvjaC2scI
649,3DOxkdOYjX0
650,AoF07UwPWXs
651,mtvxOckfZFc
652,fnLgP_KCv8A
653,J3c0sKJ85i8
654,UiC4trJWSno
655,i-KEbbzXmAc
656,YkTG0WX6Azs
657,Oq_Thaz6WCA
658,eF3L_jHP8UY
659,smBntnceci4
660,iJGrFqsXVLc
661,OZ2yj2uzY-M
662,PW1EuMtw18o
663,skRSQoLL2Co
664,bKG138aUPnA
665,MFC3d4ThjBc
666,Dgv7SxyrYXA
667,4CKjHYn2SYU
668,FPBuzxt0h5g
669,ss5q5cFnXcI
670,WkxxPO_a05o
671,yZEoOB7KpTY
672,zKxbAN2WK28
673,eTOOtll0VPc
674,0-lcGrJHN-Y
675,68LyoWEmOCw
676,WttDe_5OtdI
677,oehFfPSJQU8
678,bq8_0GdZ7tk
679,0M2FO66RHF4
680,oTH2XS9H-AE
681,BUWE1hTr8K0
682,t7AUt2kiTOY
683,sLqI_cyyVCc
684,WfIph1oa-Fs
685,2GjGjwkHrMA
686,IdI2j6kVo7E
687,JPvUbZ2c_4I
688,dovqRgLJnzQ
689,09R29vsv6to
690,oE-D0YT0Pho
691,w7JWUdmMZEQ
692,Ws0mgptlNXE
693,S_GlbZ9g6dc
694,ofB0-K1S8Rc
695,f2iRbAen5-I
696,0qSMwt0PT0w
697,XQ6Gw-O6xMs
698,n4QH07USUro
699,EjrCfxPvHfI
700,lxkPdT5z7yU
701,XsjD1ha4gk8
702,id9QNZpYMIU
703,M6HuumcjtiY
704,irE9tBJMcDI
705,tGrIBDWBExM
706,fMEaNnntqH8
707,L3Kk5maNqT4
708,_VbGfUXffUI
709,MaN2Sp6PcmA
710,aS-2LDUdNvo
711,Mcjhjgh50Is
712,g1vZ3EOxzag
713,5z8DP46D2vQ
714,NCRamuET8Zo
715,mAVZ1o5SbZE
716,8piOIDaUnhM
717,hpwHsyeYDUc
718,UKsz-L6gbqQ
719,aPLbUNghGNc
720,LL2gKLMLCgk
721,SeSAEIo9ka8
722,LlyFPeXrwPU
723,mZtkhRQh6dU
724,0xMspE3Y2OQ
725,jNWVQgeEwm8
726,3XH8tq1C4a0
727,SYxiAV6pWVE
728,o08Qio9nL0E
729,5OOjz3vfGHs
730,fkBKf67l3uo
731,IYKSSmrhlp8
732,lLA47Q33V3M
733,MQejcyOhipU
734,QBTq_bu56WU
735,vz3CCSHpSkM
736,xebC54pK_PI
737,j7eH37AMAFM
738,siC58JGNWh0
739,SGTzm6JgQgU
740,gKAS3toagtw
741,E3tZ6QIpSlg
742,WlOUJAfBOXk
743,clf1y4BwGkU
744,_4KezwIWeW0
745,ms6565_taJ0
746,NUH9nCbz_Hg
747,XlH7yEh3Ym8
748,0H3Tagga2Ho
749,OHwYF5n89nU
750,INKy5GA3mY8
751,shm98ZRer0A
752,kvK9gjP0Fto
753,iy8m_M3aaz4
754,qbJETjg35bw
755,qFz35bAm3s0
756,X_k682dMXoM
757,_WXV3brIN-Y
758,RQUQTKZjgBE
759,DZhUylpuGIg
760,_gsX0d_f9ew
761,XJF0V783h7w
762,iJ5gzL9AUbs
763,o-q8fjtbSUg
764,WJPZ2GuyM2w
765,xqXD9R_3TOI
766,6RnM1qM0o6Q
767,-T9ohGnHLt8
768,xvS0Mi7H2OY
769,vEiYdLFc5R8
770,UMKf5H9aXqE
771,okrUVN8l3zk
772,ERiInEJM6nE
773,5iUZ1ywf3s8
774,nfr7ZMeD0fk
775,nzRHEv-Culo
776,axkP0idg-kA
777,y-SUZ-cOCNk
778,4v8m0NOvAic
779,r6pNlG_h-OQ
780,9HW5eCZsrKs
781,p0FpMxUVU7c
782,QoTfovlbuZ4
783,4wt9xB9KV6A
784,qbjJfTJgbNA
785,OlurWhrOsLs
786,AzY0FU-HxME
787,nPh_ovlWyKQ
788,SjKNXdqCXqc
789,x1CLzNvcd0o
790,SJ_0Za3YxcA
791,GAXeom_eF6I
